orig,dest,start_t,end_t,q
n2,n6,25200,32400,0.023750
n2,n6,43200,50400,0.027250
n2,n6,61200,68400,0.035750
n2,n6,68400,75600,0.033750
