orig,dest,start_t,end_t,q
n0,n3,25200,32400,0.040200
n0,n3,43200,50400,0.038250
n0,n3,61200,68400,0.043700
n0,n3,68400,75600,0.045200
