name,x,y,signal,signal_offset
n2,21.215972,45.751882,"76,4,37",24
n3,21.216029,45.751545,"84,4,39",9
n4,21.216054,45.751896,"75,4,37",3
n5,21.216155,45.751562,"84,4,37",26
n6,21.216203,45.751851,"84,4,36",20
