name,x,y,signal,signal_offset
n0,21.221065,45.752971,"59,4,46",40
n1,21.221408,45.752771,"60,4,36",13
n2,21.221425,45.753252,"53,4,33",15
n3,21.221747,45.752998,"55,4,35",41
