orig,dest,start_t,end_t,q
n0,n5,43200,50400,0.005300
n0,n5,61200,68400,0.006000
