orig,dest,start_t,end_t,q
n0,n4,25200,32400,0.034500
n0,n4,43200,50400,0.008700
n0,n4,61200,68400,0.041000
n0,n4,68400,75600,0.045800
