name,x,y,signal,signal_offset
n0,21.216151,45.754597,"152,4,30",20
n1,21.216219,45.755005,"133,4,15",58
n2,21.216333,45.754408,"162,4,30",18
n3,21.217004,45.756428,"88,4,36",58
n4,21.217192,45.756660,"82,4,37",19
