name,x,y,signal,signal_offset
n0,21.216022,45.754481,"149,4,30",2
n1,21.216155,45.751562,"84,4,37",26
n2,21.216174,45.754304,"118,4,30",24
n3,21.216219,45.755005,"133,4,15",58
n4,21.216241,45.751737,"84,4,35",6
n5,21.216333,45.754408,"162,4,30",18
