orig,dest,start_t,end_t,q
n15,n19,25200,32400,0.046200
n15,n19,43200,50400,0.033000
n15,n19,61200,68400,0.042300
n15,n19,68400,75600,0.048400
