orig,dest,start_t,end_t,q
n0,n3,25200,32400,0.032500
n0,n3,43200,50400,0.023750
n0,n3,61200,68400,0.031750
n0,n3,68400,75600,0.020500
