name,x,y,signal,signal_offset
n15,21.224941,45.764393,"96,4,27",45
n16,21.225501,45.764711,"72,4,34",59
n17,21.225583,45.764171,"78,4,23",12
n18,21.225641,45.764642,"78,4,35",55
n19,21.226546,45.762029,"74,4,71",46
