name,x,y,signal,signal_offset
n0,21.224856,45.764497,"97,4,35",28
n1,21.225310,45.764340,"77,4,30",40
n2,21.225339,45.764708,"72,4,34",28
n3,21.225808,45.763561,"74,4,52",52
