orig,dest,start_t,end_t,q
n0,n4,25200,32400,0.020250
n0,n4,43200,50400,0.027750
n0,n4,61200,68400,0.022250
