orig,dest,start_t,end_t,q
n6,n9,25200,32400,0.035500
n6,n9,43200,50400,0.034250
n6,n9,61200,68400,0.036750
n6,n9,68400,75600,0.028500
