name,x,y,signal,signal_offset
n6,21.202357,45.724851,"94,4,84",50
n7,21.202972,45.725605,"86,4,29",32
n8,21.204536,45.727217,"88,4,37",12
n9,21.205035,45.728575,"68,4,35",39
