name,x,y,signal,signal_offset
n0,21.181038,45.699227,"96,4,40",7
n1,21.181231,45.699454,"89,4,48",50
n2,21.181437,45.699270,"83,4,42",47
n3,21.182206,45.700434,"118,4,14",6
n4,21.182253,45.700681,"107,4,14",56
